{
    "KPackageStructure": "Plasma/LookAndFeel",
    "KPlugin": {
        "Authors": [
            {
                "Email": "vinceliuice@hotmail.com",
                "Name": "Vince Liuice"
            }
        ],
        "Category": "Global Themes (Plasma 6)",
        "ServiceTypes": [
            "Plasma/LookAndFeel"
        ],
        "EnabledByDefault": true,
        "Description": "Lavanda Sea Dark theme for kde plasma",
        "Id": "com.github.vinceliuice.Lavanda-Sea-Dark",
        "License": "GPLv3",
        "Name": "Lavanda-Sea-Dark",
        "Website": "https://github.com/vinceliuice/Lavanda-kde"
    },
    "Keywords": "Desktop;Workspace;Appearance;Look and Feel;Logout;Lock;Suspend;Shutdown;Hibernate;",
    "X-KDE-fallbackPackage": "org.kde.breeze.desktop",
    "X-Plasma-MainScript": "defaults",
    "X-Plasma-APIVersion": "2",
    "X-KPackage-Dependencies": [
        "kns://colorschemes.knsrc/api.kde-look.org/2031066",
        "kns://plasma-themes.knsrc/api.kde-look.org/2031063",
        "kns://aurorae.knsrc/api.kde-look.org/2031067",
        "kns://wallpaper.knsrc/api.kde-look.org/2031070",
        "kns://sddmtheme.knsrc/api.kde-look.org/2031064",
        "kns://icons.knsrc/api.kde-look.org/1661983",
        "kns://xcursor.knsrc/api.kde-look.org/1831077"
    ]
}
