<?xml version="1.0" encoding="UTF-8"?>
<!DOCTYPE plist PUBLIC "-//Apple//DTD PLIST 1.0//EN" "http://www.apple.com/DTDs/PropertyList-1.0.dtd">
<plist version="1.0">
<dict>
	<key>author</key>
	<string>Template: Chris Kempson, Scheme: Lalit Magant (http://github.com/tilal6991)</string>
	<key>name</key>
	<string>Base16 OneDark</string>
	<key>semanticClass</key>
	<string>theme.base16.onedark</string>
	<key>colorSpaceName</key>
	<string>sRGB</string>
	<key>gutterSettings</key>
	<dict>
		<key>background</key>
		<string>#353b45</string>
		<key>divider</key>
		<string>#353b45</string>
		<key>foreground</key>
		<string>#545862</string>
		<key>selectionBackground</key>
		<string>#3e4451</string>
		<key>selectionForeground</key>
		<string>#565c64</string>
	</dict>
	<key>settings</key>
	<array>
		<dict>
			<key>settings</key>
			<dict>
				<key>background</key>
				<string>#282c34</string>
				<key>caret</key>
				<string>#abb2bf</string>
				<key>foreground</key>
				<string>#abb2bf</string>
				<key>invisibles</key>
				<string>#545862</string>
				<key>lineHighlight</key>
				<string>#54586255</string>
				<key>selection</key>
				<string>#3e4451</string>
			</dict>
		</dict>
		<dict>
			<key>name</key>
			<string>Text</string>
			<key>scope</key>
			<string>variable.parameter.function</string>
			<key>settings</key>
			<dict>
				<key>foreground</key>
				<string>#abb2bf</string>
			</dict>
		</dict>
		<dict>
			<key>name</key>
			<string>Comments</string>
			<key>scope</key>
			<string>comment, punctuation.definition.comment</string>
			<key>settings</key>
			<dict>
				<key>foreground</key>
				<string>#545862</string>
			</dict>
		</dict>
		<dict>
			<key>name</key>
			<string>Punctuation</string>
			<key>scope</key>
			<string>punctuation.definition.string, punctuation.definition.variable, punctuation.definition.string, punctuation.definition.parameters, punctuation.definition.string, punctuation.definition.array</string>
			<key>settings</key>
			<dict>
				<key>foreground</key>
				<string>#abb2bf</string>
			</dict>
		</dict>
		<dict>
			<key>name</key>
			<string>Delimiters</string>
			<key>scope</key>
			<string>none</string>
			<key>settings</key>
			<dict>
				<key>foreground</key>
				<string>#abb2bf</string>
			</dict>
		</dict>
		<dict>
			<key>name</key>
			<string>Operators</string>
			<key>scope</key>
			<string>keyword.operator</string>
			<key>settings</key>
			<dict>
				<key>foreground</key>
				<string>#abb2bf</string>
			</dict>
		</dict>
		<dict>
			<key>name</key>
			<string>Keywords</string>
			<key>scope</key>
			<string>keyword</string>
			<key>settings</key>
			<dict>
				<key>foreground</key>
				<string>#c678dd</string>
			</dict>
		</dict>
		<dict>
			<key>name</key>
			<string>Variables</string>
			<key>scope</key>
			<string>variable</string>
			<key>settings</key>
			<dict>
				<key>foreground</key>
				<string>#e06c75</string>
			</dict>
		</dict>
		<dict>
			<key>name</key>
			<string>Functions</string>
			<key>scope</key>
			<string>entity.name.function, meta.require, support.function.any-method, variable.function, variable.annotation, support.macro</string>
			<key>settings</key>
			<dict>
				<key>foreground</key>
				<string>#61afef</string>
			</dict>
		</dict>
		<dict>
			<key>name</key>
			<string>Labels</string>
			<key>scope</key>
			<string>entity.name.label</string>
			<key>settings</key>
			<dict>
				<key>foreground</key>
				<string>#be5046</string>
			</dict>
		</dict>
		<dict>
			<key>name</key>
			<string>Classes</string>
			<key>scope</key>
			<string>support.class, entity.name.class, entity.name.type.class</string>
			<key>settings</key>
			<dict>
				<key>foreground</key>
				<string>#e5c07b</string>
			</dict>
		</dict>
		<dict>
			<key>name</key>
			<string>Classes</string>
			<key>scope</key>
			<string>meta.class</string>
			<key>settings</key>
			<dict>
				<key>foreground</key>
				<string>#c8ccd4</string>
			</dict>
		</dict>
		<dict>
			<key>name</key>
			<string>Methods</string>
			<key>scope</key>
			<string>keyword.other.special-method</string>
			<key>settings</key>
			<dict>
				<key>foreground</key>
				<string>#61afef</string>
			</dict>
		</dict>
		<dict>
			<key>name</key>
			<string>Storage</string>
			<key>scope</key>
			<string>storage</string>
			<key>settings</key>
			<dict>
				<key>foreground</key>
				<string>#c678dd</string>
			</dict>
		</dict>
		<dict>
			<key>name</key>
			<string>Support</string>
			<key>scope</key>
			<string>support.function</string>
			<key>settings</key>
			<dict>
				<key>foreground</key>
				<string>#56b6c2</string>
			</dict>
		</dict>
		<dict>
			<key>name</key>
			<string>Strings, Inherited Class</string>
			<key>scope</key>
			<string>string, constant.other.symbol, entity.other.inherited-class</string>
			<key>settings</key>
			<dict>
				<key>foreground</key>
				<string>#98c379</string>
			</dict>
		</dict>
		<dict>
			<key>name</key>
			<string>Integers</string>
			<key>scope</key>
			<string>constant.numeric</string>
			<key>settings</key>
			<dict>
				<key>foreground</key>
				<string>#d19a66</string>
			</dict>
		</dict>
		<dict>
			<key>name</key>
			<string>Floats</string>
			<key>scope</key>
			<string>none</string>
			<key>settings</key>
			<dict>
				<key>foreground</key>
				<string>#d19a66</string>
			</dict>
		</dict>
		<dict>
			<key>name</key>
			<string>Boolean</string>
			<key>scope</key>
			<string>none</string>
			<key>settings</key>
			<dict>
				<key>foreground</key>
				<string>#d19a66</string>
			</dict>
		</dict>
		<dict>
			<key>name</key>
			<string>Constants</string>
			<key>scope</key>
			<string>constant</string>
			<key>settings</key>
			<dict>
				<key>foreground</key>
				<string>#d19a66</string>
			</dict>
		</dict>
		<dict>
			<key>name</key>
			<string>Tags</string>
			<key>scope</key>
			<string>entity.name.tag</string>
			<key>settings</key>
			<dict>
				<key>foreground</key>
				<string>#e06c75</string>
			</dict>
		</dict>
		<dict>
			<key>name</key>
			<string>Attributes</string>
			<key>scope</key>
			<string>entity.other.attribute-name</string>
			<key>settings</key>
			<dict>
				<key>foreground</key>
				<string>#d19a66</string>
			</dict>
		</dict>
		<dict>
			<key>name</key>
			<string>Attribute IDs</string>
			<key>scope</key>
			<string>entity.other.attribute-name.id, punctuation.definition.entity</string>
			<key>settings</key>
			<dict>
				<key>foreground</key>
				<string>#61afef</string>
			</dict>
		</dict>
		<dict>
			<key>name</key>
			<string>Selector</string>
			<key>scope</key>
			<string>meta.selector</string>
			<key>settings</key>
			<dict>
				<key>foreground</key>
				<string>#c678dd</string>
			</dict>
		</dict>
		<dict>
			<key>name</key>
			<string>Values</string>
			<key>scope</key>
			<string>none</string>
			<key>settings</key>
			<dict>
				<key>foreground</key>
				<string>#d19a66</string>
			</dict>
		</dict>
		<dict>
			<key>name</key>
			<string>Headings</string>
			<key>scope</key>
			<string>markup.heading punctuation.definition.heading, entity.name.section</string>
			<key>settings</key>
			<dict>
				<key>fontStyle</key>
				<string></string>
				<key>foreground</key>
				<string>#61afef</string>
			</dict>
		</dict>
		<dict>
			<key>name</key>
			<string>Units</string>
			<key>scope</key>
			<string>keyword.other.unit</string>
			<key>settings</key>
			<dict>
				<key>foreground</key>
				<string>#d19a66</string>
			</dict>
		</dict>
		<dict>
			<key>name</key>
			<string>Bold</string>
			<key>scope</key>
			<string>markup.bold, punctuation.definition.bold</string>
			<key>settings</key>
			<dict>
				<key>fontStyle</key>
				<string>bold</string>
				<key>foreground</key>
				<string>#e5c07b</string>
			</dict>
		</dict>
		<dict>
			<key>name</key>
			<string>Italic</string>
			<key>scope</key>
			<string>markup.italic, punctuation.definition.italic</string>
			<key>settings</key>
			<dict>
				<key>fontStyle</key>
				<string>italic</string>
				<key>foreground</key>
				<string>#c678dd</string>
			</dict>
		</dict>
		<dict>
			<key>name</key>
			<string>Code</string>
			<key>scope</key>
			<string>markup.raw.inline</string>
			<key>settings</key>
			<dict>
				<key>foreground</key>
				<string>#98c379</string>
			</dict>
		</dict>
		<dict>
			<key>name</key>
			<string>Link Text</string>
			<key>scope</key>
      <string>string.other.link, punctuation.definition.string.end.markdown, punctuation.definition.string.begin.markdown</string>
			<key>settings</key>
			<dict>
				<key>foreground</key>
				<string>#e06c75</string>
			</dict>
		</dict>
		<dict>
			<key>name</key>
			<string>Link Url</string>
			<key>scope</key>
			<string>meta.link</string>
			<key>settings</key>
			<dict>
				<key>foreground</key>
				<string>#d19a66</string>
			</dict>
		</dict>
		<dict>
			<key>name</key>
			<string>Lists</string>
			<key>scope</key>
			<string>markup.list</string>
			<key>settings</key>
			<dict>
				<key>foreground</key>
				<string>#e06c75</string>
			</dict>
		</dict>
		<dict>
			<key>name</key>
			<string>Quotes</string>
			<key>scope</key>
			<string>markup.quote</string>
			<key>settings</key>
			<dict>
				<key>foreground</key>
				<string>#d19a66</string>
			</dict>
		</dict>
		<dict>
			<key>name</key>
			<string>Separator</string>
			<key>scope</key>
			<string>meta.separator</string>
			<key>settings</key>
			<dict>
				<key>background</key>
				<string>#3e4451</string>
				<key>foreground</key>
				<string>#abb2bf</string>
			</dict>
		</dict>
		<dict>
			<key>name</key>
			<string>Inserted</string>
			<key>scope</key>
			<string>markup.inserted</string>
			<key>settings</key>
			<dict>
				<key>foreground</key>
				<string>#98c379</string>
			</dict>
		</dict>
		<dict>
			<key>name</key>
			<string>Deleted</string>
			<key>scope</key>
			<string>markup.deleted</string>
			<key>settings</key>
			<dict>
				<key>foreground</key>
				<string>#e06c75</string>
			</dict>
		</dict>
		<dict>
			<key>name</key>
			<string>Changed</string>
			<key>scope</key>
			<string>markup.changed</string>
			<key>settings</key>
			<dict>
				<key>foreground</key>
				<string>#c678dd</string>
			</dict>
		</dict>
		<dict>
			<key>name</key>
			<string>Colors</string>
			<key>scope</key>
			<string>constant.other.color</string>
			<key>settings</key>
			<dict>
				<key>foreground</key>
				<string>#56b6c2</string>
			</dict>
		</dict>
		<dict>
			<key>name</key>
			<string>Regular Expressions</string>
			<key>scope</key>
			<string>string.regexp</string>
			<key>settings</key>
			<dict>
				<key>foreground</key>
				<string>#56b6c2</string>
			</dict>
		</dict>
		<dict>
			<key>name</key>
			<string>Escape Characters</string>
			<key>scope</key>
			<string>constant.character.escape</string>
			<key>settings</key>
			<dict>
				<key>foreground</key>
				<string>#56b6c2</string>
			</dict>
		</dict>
		<dict>
			<key>name</key>
			<string>Embedded</string>
			<key>scope</key>
			<string>punctuation.section.embedded, variable.interpolation</string>
			<key>settings</key>
			<dict>
				<key>foreground</key>
				<string>#c678dd</string>
			</dict>
		</dict>
		<dict>
			<key>name</key>
			<string>Illegal</string>
			<key>scope</key>
			<string>invalid.illegal</string>
			<key>settings</key>
			<dict>
				<key>background</key>
				<string>#e06c75</string>
				<key>foreground</key>
				<string>#c8ccd4</string>
			</dict>
		</dict>
		<dict>
			<key>name</key>
			<string>Broken</string>
			<key>scope</key>
			<string>invalid.broken</string>
			<key>settings</key>
			<dict>
				<key>background</key>
				<string>#d19a66</string>
				<key>foreground</key>
				<string>#282c34</string>
			</dict>
		</dict>
		<dict>
			<key>name</key>
			<string>Deprecated</string>
			<key>scope</key>
			<string>invalid.deprecated</string>
			<key>settings</key>
			<dict>
				<key>background</key>
				<string>#be5046</string>
				<key>foreground</key>
				<string>#c8ccd4</string>
			</dict>
		</dict>
		<dict>
			<key>name</key>
			<string>Unimplemented</string>
			<key>scope</key>
			<string>invalid.unimplemented</string>
			<key>settings</key>
			<dict>
				<key>background</key>
				<string>#545862</string>
				<key>foreground</key>
				<string>#c8ccd4</string>
			</dict>
		</dict>
	</array>
	<key>uuid</key>
	<string>uuid</string>
</dict>
</plist>
